id,Firstname,Lastname,Email,Phone
1,Kevin,Wilson,zoc@gadpus.tj,(400) 781-3285
2,Lilly,Cox,halaviz@fo.fo,(774) 870-5769
3,Shane,Vega,woma@souswoh.jm,(281) 864-8900
4,Hallie,Sharp,oc@sucnaca.ly,(614) 222-5202
5,Frances,Tucker,kug@malsebo.kw,(965) 203-6882
6,Maurice,Erickson,ekdu@fusluki.pr,(724) 634-7852
7,Garrett,Rodriquez,catogsit@agecarko.mn,(665) 671-9490
8,Barbara,Chapman,lofowe@uno.ni,(966) 489-1596
9,Beatrice,Stevenson,tuzeki@rawcuror.bv,(370) 250-6350
10,Mina,Marsh,gidnuza@hu.cn,(315) 632-5292
11,Johnny,Day,wulvir@tep.ug,(489) 576-7684
12,Nancy,Bishop,cekuh@murjoce.id,(519) 222-5418
13,Don,Bishop,jejo@fac.ps,(912) 583-3782
14,George,Lloyd,sujicvem@hece.nf,(613) 227-2830
15,Catherine,Castro,wafozoma@ewaniuwu.at,(870) 549-8366
16,Harry,Burke,haz@kolur.ac,(501) 486-9078
17,Abbie,Brown,zi@itiso.dj,(384) 629-6213
18,Jeffery,Gonzales,al@picacat.kh,(986) 231-5419
19,John,Walton,fib@vekwihto.pf,(646) 578-3694
20,Kyle,Rivera,ta@gocaz.sn,(245) 908-2168
21,Jason,Turner,ut@iluleor.cy,(882) 330-4796
22,Nelle,Stephens,totitna@tupro.pt,(450) 781-8838
23,Christian,McCoy,boos@missar.eh,(216) 910-9003
24,Lou,Williamson,emnipjed@udapatle.cn,(610) 351-8866
25,Warren,McLaughlin,nazem@sibmuema.bm,(681) 837-4136
26,Bernice,Bates,bogungik@fa.lk,(572) 884-7135
27,Teresa,Boone,waf@kopgatnap.ml,(739) 681-4013
28,George,Townsend,mismupi@vi.bo,(673) 999-2408
29,Francis,Green,ginsazul@hackebej.gw,(837) 697-7645
30,Minnie,Gonzales,waz@ateijvak.bs,(556) 473-6815
31,Ollie,Wong,seko@etzujab.tf,(732) 274-5207
32,Lawrence,Morgan,puwe@vep.com,(316) 378-3428
33,Jared,Copeland,le@opa.sc,(534) 851-3406
34,Madge,Howell,wavmodco@gi.gt,(666) 724-7635
35,Sophie,Kim,zavlim@kajgepoj.gn,(208) 460-8664
36,Violet,Mason,nawez@jucnowvi.wf,(835) 386-3962
37,Catherine,Gutierrez,eneit@sesar.mn,(213) 322-2775
38,Harriet,Munoz,mic@nukug.tt,(653) 283-7058
39,Ronnie,Harrington,hiv@utojof.sk,(856) 962-3726
40,Myrtie,Black,vaggur@fizubal.ro,(242) 520-3477
41,Howard,Parsons,hemadwot@kantioli.lc,(477) 951-7037
42,Samuel,Stephens,julape@miv.nr,(366) 256-9016
43,Millie,Wilkins,dabamhu@ekenag.bq,(427) 819-7552
44,Victor,Keller,ja@okacovo.et,(610) 892-4728
45,Harry,Howell,ragrucuj@behutaw.nu,(982) 769-4693
46,Garrett,Walton,of@tes.mm,(977) 561-9230
47,Antonio,Stewart,tek@iga.edu,(257) 379-8170
48,Paul,Christensen,hemsoja@nuwwaf.dm,(482) 219-6818
49,Derrick,Roberts,wesa@edsa.jo,(800) 582-8033
50,Milton,Hicks,guhubub@woz.ai,(916) 826-7779
51,Jimmy,Vargas,ligop@raohi.hn,(771) 473-3109
52,Sue,Fox,eg@fegihwap.hu,(628) 304-6420
53,Mathilda,Moran,dolakuc@mepne.an,(238) 859-1361
54,Loretta,Yates,luwlikig@katupun.ma,(807) 719-8435
55,Leo,Douglas,cofel@bam.gi,(958) 902-2425
56,Isabelle,Fleming,noltikiz@se.cm,(865) 260-4653
57,Celia,Hunter,fiw@gu.gov,(871) 842-8622
58,Ellen,Tucker,kuhci@irructir.pg,(688) 602-4837
59,Caleb,Larson,sudta@ruzkosfep.sz,(445) 435-1225
60,Julia,White,mighe@wo.gu,(623) 228-6079
61,Zachary,Clayton,sezte@tul.zm,(632) 552-6605
62,John,Estrada,enumo@vasja.mh,(632) 383-7369
63,Henry,Butler,lemgowbi@weguz.bi,(779) 701-2439
64,Irene,Nguyen,fonima@woh.gu,(321) 748-8317
65,Claudia,Barber,wafo@guleg.sj,(779) 958-3930
66,Cecelia,Vasquez,wo@adoonito.hm,(516) 750-2613
67,Ernest,Beck,ijeicku@kumir.an,(557) 787-7799
68,Leroy,Neal,dod@en.gf,(633) 885-4109
69,Charles,Hunt,abwuvip@tinit.bq,(674) 692-3064
70,Olivia,Singleton,tim@jepusad.ls,(402) 595-6575
71,Leroy,Morrison,ga@efa.mt,(241) 595-4089
72,Fanny,Bailey,kokuw@gobake.cf,(200) 867-7302
73,Fanny,Hanson,hiwmeg@ov.de,(381) 918-8225
74,Belle,Frazier,luzobor@vofpizci.no,(711) 449-9901
75,Ivan,Massey,ovgudha@kotud.fm,(540) 413-7647
76,Aaron,Pittman,uciwuoca@ubiko.ni,(482) 603-6275
77,Ryan,Mullins,rof@pousta.nu,(567) 389-5000
78,Cornelia,Moody,tit@rezetes.org,(831) 600-7167
79,Belle,Lowe,balsapbit@gaju.mq,(551) 292-4449
80,Olga,Hall,votkiduje@ok.je,(559) 814-3886
81,Maurice,Riley,cucevig@ozhi.sc,(676) 870-5362
82,Verna,Soto,ifufuce@kirowek.in,(946) 957-3698
83,Katharine,Copeland,ogokudi@budu.tn,(225) 777-5257
84,Joe,Watkins,rusoflo@mavneh.hn,(646) 270-8176
85,Bessie,Page,daknojla@vajjetiw.pa,(408) 831-3936
86,Ivan,Sandoval,dic@wep.gp,(866) 817-8754
87,Cora,Wilkins,badjogevi@feri.vg,(529) 733-1504
88,Fanny,Wilkins,widnew@pecce.ni,(870) 776-3579
89,Nora,Gill,weh@avopkiv.tw,(625) 551-1509
90,Lizzie,Stanley,adezoiku@kedoezu.yt,(277) 770-3952
91,Lina,Sanchez,tape@wisu.md,(930) 629-5036
92,Maude,Parker,ewgabir@cezzu.ss,(966) 227-4372
93,Ricky,James,wiiranej@ajiw.tc,(940) 943-4567
94,Joe,Cortez,zozcorho@labzatbe.st,(558) 700-4703
95,Stanley,Ramos,ukocun@nik.kg,(277) 727-2046
96,Francisco,Hunter,usfo@soda.ag,(349) 290-2259
97,Cynthia,Owens,saccog@si.fr,(571) 870-7505
98,Edwin,Patterson,zo@bif.hm,(400) 222-1313
99,Aiden,Rice,fugur@egzefleb.gp,(225) 925-5769
100,Warren,Clark,haw@ebaziigo.np,(777) 600-7852
